"IP","Country Code","Country Name","Region Code","Region Name","City","Zip Code","Time Zone","Latitude","Longitude","Metro Code"
"108.165.169.221","US","United States","","","","","America/Chicago","37.751","-97.822","0"
"129.146.243.241","US","United States","","","","","America/Chicago","37.751","-97.822","0"
"129.146.247.85","US","United States","","","","","America/Chicago","37.751","-97.822","0"
"129.146.248.140","US","United States","","","","","America/Chicago","37.751","-97.822","0"
"129.146.60.210","US","United States","","","","","America/Chicago","37.751","-97.822","0"
"129.146.83.33","US","United States","","","","","America/Chicago","37.751","-97.822","0"
"129.150.37.246","US","United States","IL","Illinois","Chicago","60602","America/Chicago","41.8483","-87.6517","602"
"129.150.62.109","US","United States","IL","Illinois","Chicago","60602","America/Chicago","41.8483","-87.6517","602"
"129.151.205.193","US","United States","IL","Illinois","Chicago","60602","America/Chicago","41.8483","-87.6517","602"
"129.153.120.171","US","United States","","","","","America/Chicago","37.751","-97.822","0"
"129.153.165.237","US","United States","","","","","America/Chicago","37.751","-97.822","0"
"129.153.213.8","US","United States","","","","","America/Chicago","37.751","-97.822","0"
"129.154.218.240","AU","Australia","NSW","New South Wales","Sydney","2000","Australia/Sydney","-33.8591","151.2002","0"
"129.154.254.254","AU","Australia","NSW","New South Wales","Sydney","2000","Australia/Sydney","-33.8591","151.2002","0"
"129.154.50.159","AU","Australia","NSW","New South Wales","Sydney","2000","Australia/Sydney","-33.8591","151.2002","0"
"129.154.60.114","AU","Australia","NSW","New South Wales","Sydney","2000","Australia/Sydney","-33.8591","151.2002","0"
"129.159.193.207","US","United States","VA","Virginia","Ashburn","20149","America/New_York","39.0481","-77.4729","511"
"129.159.197.137","US","United States","VA","Virginia","Ashburn","20149","America/New_York","39.0481","-77.4729","511"
"129.159.241.172","US","United States","VA","Virginia","Ashburn","20149","America/New_York","39.0481","-77.4729","511"
"129.159.253.62","US","United States","VA","Virginia","Ashburn","20149","America/New_York","39.0481","-77.4729","511"
"129.159.254.195","US","United States","VA","Virginia","Ashburn","20149","America/New_York","39.0481","-77.4729","511"
"129.159.47.255","US","United States","VA","Virginia","Ashburn","20149","America/New_York","39.0481","-77.4729","511"
"129.159.83.88","US","United States","VA","Virginia","Ashburn","20149","America/New_York","39.0481","-77.4729","511"
"129.159.84.71","US","United States","VA","Virginia","Ashburn","20149","America/New_York","39.0481","-77.4729","511"
"129.80.116.250","US","United States","","","","","America/Chicago","37.751","-97.822","0"
"130.162.165.120","NL","Netherlands","NH","North Holland","Amsterdam","1091","Europe/Amsterdam","52.3534","4.9087","0"
"130.162.170.18","NL","Netherlands","NH","North Holland","Amsterdam","1091","Europe/Amsterdam","52.3534","4.9087","0"
"130.162.177.177","NL","Netherlands","NH","North Holland","Amsterdam","1091","Europe/Amsterdam","52.3534","4.9087","0"
"130.162.191.120","NL","Netherlands","NH","North Holland","Amsterdam","1091","Europe/Amsterdam","52.3534","4.9087","0"
"130.162.209.209","NL","Netherlands","NH","North Holland","Amsterdam","1091","Europe/Amsterdam","52.3534","4.9087","0"
"130.162.219.26","NL","Netherlands","NH","North Holland","Amsterdam","1091","Europe/Amsterdam","52.3534","4.9087","0"
"130.162.219.72","NL","Netherlands","NH","North Holland","Amsterdam","1091","Europe/Amsterdam","52.3534","4.9087","0"
"130.162.220.12","NL","Netherlands","NH","North Holland","Amsterdam","1091","Europe/Amsterdam","52.3534","4.9087","0"
"130.162.224.107","NL","Netherlands","NH","North Holland","Amsterdam","1091","Europe/Amsterdam","52.3534","4.9087","0"
"130.162.224.151","NL","Netherlands","NH","North Holland","Amsterdam","1091","Europe/Amsterdam","52.3534","4.9087","0"
"130.162.228.227","NL","Netherlands","NH","North Holland","Amsterdam","1091","Europe/Amsterdam","52.3534","4.9087","0"
"130.162.229.42","NL","Netherlands","NH","North Holland","Amsterdam","1091","Europe/Amsterdam","52.3534","4.9087","0"
"130.162.233.26","NL","Netherlands","NH","North Holland","Amsterdam","1091","Europe/Amsterdam","52.3534","4.9087","0"
"130.162.32.0","NL","Netherlands","NH","North Holland","Amsterdam","1091","Europe/Amsterdam","52.3534","4.9087","0"
"130.162.32.226","NL","Netherlands","NH","North Holland","Amsterdam","1091","Europe/Amsterdam","52.3534","4.9087","0"
"130.162.34.233","NL","Netherlands","NH","North Holland","Amsterdam","1091","Europe/Amsterdam","52.3534","4.9087","0"
"130.162.38.30","NL","Netherlands","NH","North Holland","Amsterdam","1091","Europe/Amsterdam","52.3534","4.9087","0"
"130.162.39.16","NL","Netherlands","NH","North Holland","Amsterdam","1091","Europe/Amsterdam","52.3534","4.9087","0"
"130.162.56.154","NL","Netherlands","NH","North Holland","Amsterdam","1091","Europe/Amsterdam","52.3534","4.9087","0"
"130.162.59.42","NL","Netherlands","NH","North Holland","Amsterdam","1091","Europe/Amsterdam","52.3534","4.9087","0"
"130.162.60.44","NL","Netherlands","NH","North Holland","Amsterdam","1091","Europe/Amsterdam","52.3534","4.9087","0"
"130.61.107.238","DE","Germany","HE","Hesse","Frankfurt am Main","60313","Europe/Berlin","50.1188","8.6843","0"
"130.61.109.6","DE","Germany","HE","Hesse","Frankfurt am Main","60313","Europe/Berlin","50.1188","8.6843","0"
"130.61.12.132","DE","Germany","HE","Hesse","Frankfurt am Main","60313","Europe/Berlin","50.1188","8.6843","0"
"130.61.134.223","DE","Germany","HE","Hesse","Frankfurt am Main","60326","Europe/Berlin","50.1049","8.6295","0"
"130.61.203.115","DE","Germany","HE","Hesse","Frankfurt am Main","60326","Europe/Berlin","50.1049","8.6295","0"
"130.61.23.77","DE","Germany","HE","Hesse","Frankfurt am Main","60313","Europe/Berlin","50.1188","8.6843","0"
"130.61.239.203","DE","Germany","HE","Hesse","Frankfurt am Main","60326","Europe/Berlin","50.1049","8.6295","0"
"130.61.87.219","DE","Germany","HE","Hesse","Frankfurt am Main","60313","Europe/Berlin","50.1188","8.6843","0"
"131.186.27.112","US","United States","WA","Washington","Seattle","98101","America/Los_Angeles","47.6109","-122.3303","819"
"131.186.46.142","US","United States","WA","Washington","Seattle","98101","America/Los_Angeles","47.6109","-122.3303","819"
"131.186.60.219","US","United States","WA","Washington","Seattle","98101","America/Los_Angeles","47.6109","-122.3303","819"
"132.145.127.203","JP","Japan","13","Tokyo","Tokyo","270-1351","Asia/Tokyo","35.798","140.1803","0"
"132.145.239.125","DE","Germany","HE","Hesse","Frankfurt am Main","60313","Europe/Berlin","50.1188","8.6843","0"
"132.145.250.50","DE","Germany","HE","Hesse","Frankfurt am Main","60313","Europe/Berlin","50.1188","8.6843","0"
"132.145.54.84","GB","United Kingdom","ENG","England","London","EC2V","Europe/London","51.5164","-0.093","0"
"132.145.65.171","GB","United Kingdom","ENG","England","London","EC2V","Europe/London","51.5164","-0.093","0"
"132.145.81.117","KR","South Korea","11","Seoul","Seoul","02878","Asia/Seoul","37.5985","126.9783","0"
"132.145.91.171","KR","South Korea","11","Seoul","Seoul","02878","Asia/Seoul","37.5985","126.9783","0"
"132.145.93.198","KR","South Korea","11","Seoul","Seoul","02878","Asia/Seoul","37.5985","126.9783","0"
"132.226.10.65","NL","Netherlands","NH","North Holland","Amsterdam","1091","Europe/Amsterdam","52.3534","4.9087","0"
"132.226.13.229","NL","Netherlands","NH","North Holland","Amsterdam","1091","Europe/Amsterdam","52.3534","4.9087","0"
"132.226.132.231","NL","Netherlands","NH","North Holland","Amsterdam","1091","Europe/Amsterdam","52.3534","4.9087","0"
"132.226.135.150","NL","Netherlands","NH","North Holland","Amsterdam","1091","Europe/Amsterdam","52.3534","4.9087","0"
"132.226.14.123","NL","Netherlands","NH","North Holland","Amsterdam","1091","Europe/Amsterdam","52.3534","4.9087","0"
"132.226.194.181","NL","Netherlands","NH","North Holland","Amsterdam","1091","Europe/Amsterdam","52.3534","4.9087","0"
"132.226.210.186","NL","Netherlands","NH","North Holland","Amsterdam","1091","Europe/Amsterdam","52.3534","4.9087","0"
"132.226.210.59","NL","Netherlands","NH","North Holland","Amsterdam","1091","Europe/Amsterdam","52.3534","4.9087","0"
"132.226.211.115","NL","Netherlands","NH","North Holland","Amsterdam","1091","Europe/Amsterdam","52.3534","4.9087","0"
"132.226.213.28","NL","Netherlands","NH","North Holland","Amsterdam","1091","Europe/Amsterdam","52.3534","4.9087","0"
"132.226.214.7","NL","Netherlands","NH","North Holland","Amsterdam","1091","Europe/Amsterdam","52.3534","4.9087","0"
"132.226.215.209","NL","Netherlands","NH","North Holland","Amsterdam","1091","Europe/Amsterdam","52.3534","4.9087","0"
"132.226.215.60","NL","Netherlands","NH","North Holland","Amsterdam","1091","Europe/Amsterdam","52.3534","4.9087","0"
"138.2.128.78","US","United States","","","","","America/Chicago","37.751","-97.822","0"
"138.2.133.194","US","United States","","","","","America/Chicago","37.751","-97.822","0"
"138.2.152.16","US","United States","","","","","America/Chicago","37.751","-97.822","0"
"138.2.16.244","US","United States","","","","","America/Chicago","37.751","-97.822","0"
"138.2.160.126","US","United States","","","","","America/Chicago","37.751","-97.822","0"
"138.2.165.160","US","United States","","","","","America/Chicago","37.751","-97.822","0"
"138.2.166.119","US","United States","","","","","America/Chicago","37.751","-97.822","0"
"138.2.170.212","US","United States","","","","","America/Chicago","37.751","-97.822","0"
"138.2.171.26","US","United States","","","","","America/Chicago","37.751","-97.822","0"
"138.2.177.149","US","United States","","","","","America/Chicago","37.751","-97.822","0"
"138.2.178.39","US","United States","","","","","America/Chicago","37.751","-97.822","0"
"138.2.18.184","US","United States","","","","","America/Chicago","37.751","-97.822","0"
"138.2.19.219","US","United States","","","","","America/Chicago","37.751","-97.822","0"
"138.2.226.15","US","United States","","","","","America/Chicago","37.751","-97.822","0"
"138.2.36.157","US","United States","","","","","America/Chicago","37.751","-97.822","0"
"138.2.4.99","US","United States","","","","","America/Chicago","37.751","-97.822","0"
"138.2.5.243","US","United States","","","","","America/Chicago","37.751","-97.822","0"
"138.2.75.91","US","United States","","","","","America/Chicago","37.751","-97.822","0"
"138.2.84.127","US","United States","","","","","America/Chicago","37.751","-97.822","0"
"138.2.99.97","US","United States","","","","","America/Chicago","37.751","-97.822","0"
"138.3.220.4","GB","United Kingdom","","","","","Europe/London","51.4964","-0.1224","0"
"138.3.222.33","GB","United Kingdom","","","","","Europe/London","51.4964","-0.1224","0"
"138.3.241.19","GB","United Kingdom","","","","","Europe/London","51.4964","-0.1224","0"
"138.3.246.121","GB","United Kingdom","","","","","Europe/London","51.4964","-0.1224","0"
"138.3.248.159","GB","United Kingdom","","","","","Europe/London","51.4964","-0.1224","0"
"138.3.251.148","GB","United Kingdom","","","","","Europe/London","51.4964","-0.1224","0"
"138.3.253.140","GB","United Kingdom","","","","","Europe/London","51.4964","-0.1224","0"
"138.3.254.39","GB","United Kingdom","","","","","Europe/London","51.4964","-0.1224","0"
"140.238.120.58","US","United States","WA","Washington","Seattle","98101","America/Los_Angeles","47.6109","-122.3303","819"
"140.238.127.78","US","United States","WA","Washington","Seattle","98101","America/Los_Angeles","47.6109","-122.3303","819"
"140.238.158.238","CA","Canada","ON","Ontario","Toronto","L4L","America/Toronto","43.8072","-79.5946","0"
"140.238.195.98","AU","Australia","NSW","New South Wales","Parramatta","2148","Australia/Sydney","-33.7421","150.9078","0"
"140.238.50.112","JP","Japan","13","Tokyo","Tokyo","270-1351","Asia/Tokyo","35.798","140.1803","0"
"140.238.58.181","JP","Japan","13","Tokyo","Tokyo","270-1351","Asia/Tokyo","35.798","140.1803","0"
"140.238.61.77","JP","Japan","13","Tokyo","Tokyo","270-1351","Asia/Tokyo","35.798","140.1803","0"
"140.238.81.102","GB","United Kingdom","ENG","England","London","SL1","Europe/London","51.5353","-0.6658","0"
"140.238.82.46","GB","United Kingdom","ENG","England","London","SL1","Europe/London","51.5353","-0.6658","0"
"141.144.193.107","GB","United Kingdom","ENG","England","London","EC2V","Europe/London","51.5164","-0.093","0"
"141.144.194.206","GB","United Kingdom","ENG","England","London","EC2V","Europe/London","51.5164","-0.093","0"
"141.144.198.206","GB","United Kingdom","ENG","England","London","EC2V","Europe/London","51.5164","-0.093","0"
"141.144.201.112","GB","United Kingdom","ENG","England","London","EC2V","Europe/London","51.5164","-0.093","0"
"141.144.201.16","GB","United Kingdom","ENG","England","London","EC2V","Europe/London","51.5164","-0.093","0"
"141.144.201.244","GB","United Kingdom","ENG","England","London","EC2V","Europe/London","51.5164","-0.093","0"
"141.144.202.49","GB","United Kingdom","ENG","England","London","EC2V","Europe/London","51.5164","-0.093","0"
"141.144.205.12","GB","United Kingdom","ENG","England","London","EC2V","Europe/London","51.5164","-0.093","0"
"141.144.207.116","GB","United Kingdom","ENG","England","London","EC2V","Europe/London","51.5164","-0.093","0"
"141.144.207.34","GB","United Kingdom","ENG","England","London","EC2V","Europe/London","51.5164","-0.093","0"
"141.144.232.159","GB","United Kingdom","ENG","England","London","EC2V","Europe/London","51.5164","-0.093","0"
"141.144.234.6","GB","United Kingdom","ENG","England","London","EC2V","Europe/London","51.5164","-0.093","0"
"141.144.236.164","GB","United Kingdom","ENG","England","London","EC2V","Europe/London","51.5164","-0.093","0"
"141.144.240.226","GB","United Kingdom","ENG","England","London","EC2V","Europe/London","51.5164","-0.093","0"
"141.144.241.90","GB","United Kingdom","ENG","England","London","EC2V","Europe/London","51.5164","-0.093","0"
"141.145.199.188","US","United States","","","","","America/Chicago","37.751","-97.822","0"
"141.145.205.115","US","United States","","","","","America/Chicago","37.751","-97.822","0"
"141.145.206.16","US","United States","","","","","America/Chicago","37.751","-97.822","0"
"141.147.107.187","SE","Sweden","","","","","Europe/Stockholm","59.3247","18.056","0"
"141.147.109.66","SE","Sweden","","","","","Europe/Stockholm","59.3247","18.056","0"
"141.147.110.53","SE","Sweden","","","","","Europe/Stockholm","59.3247","18.056","0"
"141.147.111.122","SE","Sweden","","","","","Europe/Stockholm","59.3247","18.056","0"
"141.147.111.60","SE","Sweden","","","","","Europe/Stockholm","59.3247","18.056","0"
"141.147.116.98","SE","Sweden","","","","","Europe/Stockholm","59.3247","18.056","0"
"141.147.12.201","SE","Sweden","","","","","Europe/Stockholm","59.3247","18.056","0"
"141.147.146.133","SE","Sweden","","","","","Europe/Stockholm","59.3247","18.056","0"
"141.147.152.66","SE","Sweden","","","","","Europe/Stockholm","59.3247","18.056","0"
"141.147.163.12","SE","Sweden","","","","","Europe/Stockholm","59.3247","18.056","0"
"141.147.163.68","SE","Sweden","","","","","Europe/Stockholm","59.3247","18.056","0"
"141.147.17.216","SE","Sweden","","","","","Europe/Stockholm","59.3247","18.056","0"
"141.147.175.226","SE","Sweden","","","","","Europe/Stockholm","59.3247","18.056","0"
"141.147.178.154","SE","Sweden","","","","","Europe/Stockholm","59.3247","18.056","0"
"141.147.179.247","SE","Sweden","","","","","Europe/Stockholm","59.3247","18.056","0"
"141.147.30.25","SE","Sweden","","","","","Europe/Stockholm","59.3247","18.056","0"
"141.147.38.223","SE","Sweden","","","","","Europe/Stockholm","59.3247","18.056","0"
"141.147.4.10","SE","Sweden","","","","","Europe/Stockholm","59.3247","18.056","0"
"141.147.47.137","SE","Sweden","","","","","Europe/Stockholm","59.3247","18.056","0"
"141.147.47.32","SE","Sweden","","","","","Europe/Stockholm","59.3247","18.056","0"
"141.147.54.9","SE","Sweden","","","","","Europe/Stockholm","59.3247","18.056","0"
"141.147.56.53","SE","Sweden","","","","","Europe/Stockholm","59.3247","18.056","0"
"141.147.57.12","SE","Sweden","","","","","Europe/Stockholm","59.3247","18.056","0"
"141.147.6.33","SE","Sweden","","","","","Europe/Stockholm","59.3247","18.056","0"
"141.147.61.116","SE","Sweden","","","","","Europe/Stockholm","59.3247","18.056","0"
"141.147.64.233","SE","Sweden","","","","","Europe/Stockholm","59.3247","18.056","0"
"141.147.65.251","SE","Sweden","","","","","Europe/Stockholm","59.3247","18.056","0"
"141.147.70.181","SE","Sweden","","","","","Europe/Stockholm","59.3247","18.056","0"
"141.147.85.122","SE","Sweden","","","","","Europe/Stockholm","59.3247","18.056","0"
"141.147.85.226","SE","Sweden","","","","","Europe/Stockholm","59.3247","18.056","0"
"141.147.90.206","SE","Sweden","","","","","Europe/Stockholm","59.3247","18.056","0"
"141.147.91.191","SE","Sweden","","","","","Europe/Stockholm","59.3247","18.056","0"
"141.147.94.154","SE","Sweden","","","","","Europe/Stockholm","59.3247","18.056","0"
"141.147.96.22","SE","Sweden","","","","","Europe/Stockholm","59.3247","18.056","0"
"141.147.97.135","SE","Sweden","","","","","Europe/Stockholm","59.3247","18.056","0"
"141.147.98.29","SE","Sweden","","","","","Europe/Stockholm","59.3247","18.056","0"
"141.148.219.182","CH","Switzerland","","","","","Europe/Zurich","47.1449","8.1551","0"
"141.148.225.176","CH","Switzerland","","","","","Europe/Zurich","47.1449","8.1551","0"
"141.148.226.134","CH","Switzerland","","","","","Europe/Zurich","47.1449","8.1551","0"
"141.148.229.106","CH","Switzerland","","","","","Europe/Zurich","47.1449","8.1551","0"
"141.148.229.155","CH","Switzerland","","","","","Europe/Zurich","47.1449","8.1551","0"
"141.148.231.106","CH","Switzerland","","","","","Europe/Zurich","47.1449","8.1551","0"
"141.148.231.7","CH","Switzerland","","","","","Europe/Zurich","47.1449","8.1551","0"
"141.148.233.25","CH","Switzerland","","","","","Europe/Zurich","47.1449","8.1551","0"
"141.148.235.157","CH","Switzerland","","","","","Europe/Zurich","47.1449","8.1551","0"
"141.148.235.255","CH","Switzerland","","","","","Europe/Zurich","47.1449","8.1551","0"
"141.148.237.245","CH","Switzerland","","","","","Europe/Zurich","47.1449","8.1551","0"
"141.148.237.82","CH","Switzerland","","","","","Europe/Zurich","47.1449","8.1551","0"
"141.148.238.135","CH","Switzerland","","","","","Europe/Zurich","47.1449","8.1551","0"
"141.148.239.21","CH","Switzerland","","","","","Europe/Zurich","47.1449","8.1551","0"
"141.148.239.240","CH","Switzerland","","","","","Europe/Zurich","47.1449","8.1551","0"
"141.148.243.216","CH","Switzerland","","","","","Europe/Zurich","47.1449","8.1551","0"
"141.148.247.242","CH","Switzerland","","","","","Europe/Zurich","47.1449","8.1551","0"
"143.47.176.127","IE","Ireland","","","","","Europe/Dublin","53.3472","-6.2439","0"
"143.47.176.165","IE","Ireland","","","","","Europe/Dublin","53.3472","-6.2439","0"
"143.47.178.120","IE","Ireland","","","","","Europe/Dublin","53.3472","-6.2439","0"
"143.47.179.42","IE","Ireland","","","","","Europe/Dublin","53.3472","-6.2439","0"
"143.47.181.112","IE","Ireland","","","","","Europe/Dublin","53.3472","-6.2439","0"
"143.47.182.223","IE","Ireland","","","","","Europe/Dublin","53.3472","-6.2439","0"
"143.47.182.56","IE","Ireland","","","","","Europe/Dublin","53.3472","-6.2439","0"
"143.47.183.1","IE","Ireland","","","","","Europe/Dublin","53.3472","-6.2439","0"
"143.47.188.199","IE","Ireland","","","","","Europe/Dublin","53.3472","-6.2439","0"
"143.47.190.204","IE","Ireland","","","","","Europe/Dublin","53.3472","-6.2439","0"
"143.47.191.0","IE","Ireland","","","","","Europe/Dublin","53.3472","-6.2439","0"
"143.47.225.54","GB","United Kingdom","SCT","Scotland","Linlithgow","EH49","Europe/London","55.9751","-3.5996","0"
"143.47.226.139","GB","United Kingdom","SCT","Scotland","Linlithgow","EH49","Europe/London","55.9751","-3.5996","0"
"143.47.226.214","GB","United Kingdom","SCT","Scotland","Linlithgow","EH49","Europe/London","55.9751","-3.5996","0"
"143.47.229.228","GB","United Kingdom","SCT","Scotland","Linlithgow","EH49","Europe/London","55.9751","-3.5996","0"
"143.47.231.212","GB","United Kingdom","SCT","Scotland","Linlithgow","EH49","Europe/London","55.9751","-3.5996","0"
"143.47.233.134","GB","United Kingdom","SCT","Scotland","Linlithgow","EH49","Europe/London","55.9751","-3.5996","0"
"143.47.237.63","GB","United Kingdom","SCT","Scotland","Linlithgow","EH49","Europe/London","55.9751","-3.5996","0"
"143.47.240.163","GB","United Kingdom","SCT","Scotland","Linlithgow","EH49","Europe/London","55.9751","-3.5996","0"
"143.47.240.245","GB","United Kingdom","SCT","Scotland","Linlithgow","EH49","Europe/London","55.9751","-3.5996","0"
"143.47.243.144","GB","United Kingdom","SCT","Scotland","Linlithgow","EH49","Europe/London","55.9751","-3.5996","0"
"143.47.249.73","GB","United Kingdom","SCT","Scotland","Linlithgow","EH49","Europe/London","55.9751","-3.5996","0"
"143.47.250.11","GB","United Kingdom","SCT","Scotland","Linlithgow","EH49","Europe/London","55.9751","-3.5996","0"
"143.47.250.99","GB","United Kingdom","SCT","Scotland","Linlithgow","EH49","Europe/London","55.9751","-3.5996","0"
"143.47.253.179","GB","United Kingdom","SCT","Scotland","Linlithgow","EH49","Europe/London","55.9751","-3.5996","0"
"144.21.37.2","GB","United Kingdom","ENG","England","London","EC2V","Europe/London","51.5164","-0.093","0"
"144.21.38.19","GB","United Kingdom","ENG","England","London","EC2V","Europe/London","51.5164","-0.093","0"
"144.21.38.49","GB","United Kingdom","ENG","England","London","EC2V","Europe/London","51.5164","-0.093","0"
"144.21.38.71","GB","United Kingdom","ENG","England","London","EC2V","Europe/London","51.5164","-0.093","0"
"144.21.38.96","GB","United Kingdom","ENG","England","London","EC2V","Europe/London","51.5164","-0.093","0"
"144.21.41.95","GB","United Kingdom","ENG","England","London","EC2V","Europe/London","51.5164","-0.093","0"
"144.21.42.165","GB","United Kingdom","ENG","England","London","EC2V","Europe/London","51.5164","-0.093","0"
"144.21.43.41","GB","United Kingdom","ENG","England","London","EC2V","Europe/London","51.5164","-0.093","0"
"144.21.52.240","GB","United Kingdom","ENG","England","London","EC2V","Europe/London","51.5164","-0.093","0"
"144.21.54.125","GB","United Kingdom","ENG","England","London","EC2V","Europe/London","51.5164","-0.093","0"
"144.21.55.185","GB","United Kingdom","ENG","England","London","EC2V","Europe/London","51.5164","-0.093","0"
"144.21.56.244","GB","United Kingdom","ENG","England","London","EC2V","Europe/London","51.5164","-0.093","0"
"144.21.57.178","GB","United Kingdom","ENG","England","London","EC2V","Europe/London","51.5164","-0.093","0"
"144.21.58.104","GB","United Kingdom","ENG","England","London","EC2V","Europe/London","51.5164","-0.093","0"
"144.21.60.91","GB","United Kingdom","ENG","England","London","EC2V","Europe/London","51.5164","-0.093","0"
"144.21.63.156","GB","United Kingdom","ENG","England","London","EC2V","Europe/London","51.5164","-0.093","0"
"144.22.34.13","BR","Brazil","SP","Sao Paulo","São Paulo","01323","America/Sao_Paulo","-23.5747","-46.6409","0"
"144.24.161.142","GB","United Kingdom","ENG","England","London","EC2V","Europe/London","51.5164","-0.093","0"
"144.24.169.81","GB","United Kingdom","ENG","England","London","EC2V","Europe/London","51.5164","-0.093","0"
"144.24.172.197","GB","United Kingdom","ENG","England","London","EC2V","Europe/London","51.5164","-0.093","0"
"144.24.173.250","GB","United Kingdom","ENG","England","London","EC2V","Europe/London","51.5164","-0.093","0"
"144.24.175.142","GB","United Kingdom","ENG","England","London","EC2V","Europe/London","51.5164","-0.093","0"
"144.24.182.255","GB","United Kingdom","ENG","England","London","EC2V","Europe/London","51.5164","-0.093","0"
"144.24.183.232","GB","United Kingdom","ENG","England","London","EC2V","Europe/London","51.5164","-0.093","0"
"144.24.186.153","GB","United Kingdom","ENG","England","London","EC2V","Europe/London","51.5164","-0.093","0"
"144.24.186.168","GB","United Kingdom","ENG","England","London","EC2V","Europe/London","51.5164","-0.093","0"
"144.24.240.193","GB","United Kingdom","ENG","England","London","EC2V","Europe/London","51.5164","-0.093","0"
"144.24.69.224","GB","United Kingdom","ENG","England","London","EC2V","Europe/London","51.5164","-0.093","0"
"144.24.73.170","GB","United Kingdom","ENG","England","London","EC2V","Europe/London","51.5164","-0.093","0"
"144.24.78.162","GB","United Kingdom","ENG","England","London","EC2V","Europe/London","51.5164","-0.093","0"
"144.24.79.7","GB","United Kingdom","ENG","England","London","EC2V","Europe/London","51.5164","-0.093","0"
"144.24.85.158","GB","United Kingdom","ENG","England","London","EC2V","Europe/London","51.5164","-0.093","0"
"146.56.162.25","JP","Japan","","","","","Asia/Tokyo","35.69","139.69","0"
"146.56.180.43","JP","Japan","","","","","Asia/Tokyo","35.69","139.69","0"
"149.129.8.215","KR","South Korea","","","","","Asia/Seoul","37.5112","126.9741","0"
"150.136.141.1","US","United States","","","","","America/Chicago","37.751","-97.822","0"
"150.136.141.153","US","United States","","","","","America/Chicago","37.751","-97.822","0"
"150.136.241.40","US","United States","","","","","America/Chicago","37.751","-97.822","0"
"150.136.61.148","US","United States","","","","","America/Chicago","37.751","-97.822","0"
"150.230.112.109","US","United States","","","","","America/Chicago","37.751","-97.822","0"
"150.230.119.72","US","United States","","","","","America/Chicago","37.751","-97.822","0"
"150.230.122.76","US","United States","","","","","America/Chicago","37.751","-97.822","0"
"150.230.123.250","US","United States","","","","","America/Chicago","37.751","-97.822","0"
"150.230.124.30","US","United States","","","","","America/Chicago","37.751","-97.822","0"
"150.230.149.208","US","United States","","","","","America/Chicago","37.751","-97.822","0"
"150.230.20.156","US","United States","","","","","America/Chicago","37.751","-97.822","0"
"150.230.21.119","US","United States","","","","","America/Chicago","37.751","-97.822","0"
"150.230.211.5","US","United States","","","","","America/Chicago","37.751","-97.822","0"
"150.230.212.58","US","United States","","","","","America/Chicago","37.751","-97.822","0"
"150.230.44.131","US","United States","","","","","America/Chicago","37.751","-97.822","0"
"150.230.47.17","US","United States","","","","","America/Chicago","37.751","-97.822","0"
"152.67.131.228","GB","United Kingdom","ENG","England","London","SL1","Europe/London","51.5353","-0.6658","0"
"152.67.142.36","GB","United Kingdom","ENG","England","London","SL1","Europe/London","51.5353","-0.6658","0"
"152.67.143.196","GB","United Kingdom","ENG","England","London","SL1","Europe/London","51.5353","-0.6658","0"
"152.67.150.244","GB","United Kingdom","ENG","England","London","SL1","Europe/London","51.5353","-0.6658","0"
"152.67.222.250","US","United States","WA","Washington","Seattle","98101","America/Los_Angeles","47.6109","-122.3303","819"
"152.67.233.64","US","United States","WA","Washington","Seattle","98101","America/Los_Angeles","47.6109","-122.3303","819"
"152.67.250.155","US","United States","WA","Washington","Seattle","98101","America/Los_Angeles","47.6109","-122.3303","819"
"152.67.78.164","CH","Switzerland","ZH","Zurich","Zurich","8102","Europe/Zurich","47.4049","8.4631","0"
"152.69.199.70","US","United States","","","","","America/Chicago","37.751","-97.822","0"
"152.69.200.206","US","United States","","","","","America/Chicago","37.751","-97.822","0"
"152.69.219.32","US","United States","","","","","America/Chicago","37.751","-97.822","0"
"152.70.123.225","US","United States","","","","","America/Chicago","37.751","-97.822","0"
"152.70.155.147","US","United States","","","","","America/Chicago","37.751","-97.822","0"
"152.70.162.123","US","United States","","","","","America/Chicago","37.751","-97.822","0"
"152.70.162.66","US","United States","","","","","America/Chicago","37.751","-97.822","0"
"152.70.168.225","US","United States","","","","","America/Chicago","37.751","-97.822","0"
"152.70.183.94","US","United States","","","","","America/Chicago","37.751","-97.822","0"
"152.70.188.120","US","United States","","","","","America/Chicago","37.751","-97.822","0"
"152.70.235.207","US","United States","","","","","America/Chicago","37.751","-97.822","0"
"152.70.237.179","US","United States","","","","","America/Chicago","37.751","-97.822","0"
"152.70.239.168","US","United States","","","","","America/Chicago","37.751","-97.822","0"
"152.70.49.231","US","United States","","","","","America/Chicago","37.751","-97.822","0"
"152.70.50.95","US","United States","","","","","America/Chicago","37.751","-97.822","0"
"152.70.51.49","US","United States","","","","","America/Chicago","37.751","-97.822","0"
"152.70.54.51","US","United States","","","","","America/Chicago","37.751","-97.822","0"
"152.70.58.41","US","United States","","","","","America/Chicago","37.751","-97.822","0"
"152.70.59.27","US","United States","","","","","America/Chicago","37.751","-97.822","0"
"152.70.59.90","US","United States","","","","","America/Chicago","37.751","-97.822","0"
"152.70.60.76","US","United States","","","","","America/Chicago","37.751","-97.822","0"
"152.70.86.93","US","United States","","","","","America/Chicago","37.751","-97.822","0"
"152.70.91.7","US","United States","","","","","America/Chicago","37.751","-97.822","0"
"155.248.164.188","US","United States","WA","Washington","Seattle","98101","America/Los_Angeles","47.6109","-122.3303","819"
"155.248.164.52","US","United States","WA","Washington","Seattle","98101","America/Los_Angeles","47.6109","-122.3303","819"
"155.248.174.143","US","United States","WA","Washington","Seattle","98101","America/Los_Angeles","47.6109","-122.3303","819"
"155.248.196.123","US","United States","WA","Washington","Seattle","98101","America/Los_Angeles","47.6109","-122.3303","819"
"155.248.202.141","US","United States","WA","Washington","Seattle","98101","America/Los_Angeles","47.6109","-122.3303","819"
"158.101.169.13","DE","Germany","HE","Hesse","Frankfurt am Main","60326","Europe/Berlin","50.1049","8.6295","0"
"158.101.175.51","DE","Germany","HE","Hesse","Frankfurt am Main","60326","Europe/Berlin","50.1049","8.6295","0"
"158.101.179.114","US","United States","WA","Washington","Seattle","98101","America/Los_Angeles","47.6109","-122.3303","819"
"158.101.204.231","NL","Netherlands","NH","North Holland","Amsterdam","1098","Europe/Amsterdam","52.352","4.9392","0"
"158.101.204.98","NL","Netherlands","NH","North Holland","Amsterdam","1098","Europe/Amsterdam","52.352","4.9392","0"
"158.101.209.242","NL","Netherlands","NH","North Holland","Amsterdam","1098","Europe/Amsterdam","52.352","4.9392","0"
"158.101.213.121","NL","Netherlands","NH","North Holland","Amsterdam","1098","Europe/Amsterdam","52.352","4.9392","0"
"158.101.213.137","NL","Netherlands","NH","North Holland","Amsterdam","1098","Europe/Amsterdam","52.352","4.9392","0"
"158.101.215.45","NL","Netherlands","NH","North Holland","Amsterdam","1098","Europe/Amsterdam","52.352","4.9392","0"
"158.101.219.122","NL","Netherlands","NH","North Holland","Amsterdam","1098","Europe/Amsterdam","52.352","4.9392","0"
"158.101.221.105","NL","Netherlands","NH","North Holland","Amsterdam","1098","Europe/Amsterdam","52.352","4.9392","0"
"158.101.223.171","NL","Netherlands","NH","North Holland","Amsterdam","1098","Europe/Amsterdam","52.352","4.9392","0"
"158.101.23.233","US","United States","WA","Washington","Seattle","98101","America/Los_Angeles","47.6109","-122.3303","819"
"158.101.24.17","US","United States","WA","Washington","Seattle","98101","America/Los_Angeles","47.6109","-122.3303","819"
"158.101.32.53","US","United States","WA","Washington","Seattle","98101","America/Los_Angeles","47.6109","-122.3303","819"
"158.101.71.60","US","United States","WA","Washington","Seattle","98101","America/Los_Angeles","47.6109","-122.3303","819"
"158.101.73.143","US","United States","WA","Washington","Seattle","98101","America/Los_Angeles","47.6109","-122.3303","819"
"158.180.231.216","GB","United Kingdom","","","","","Europe/London","51.4964","-0.1224","0"
"158.180.239.249","GB","United Kingdom","","","","","Europe/London","51.4964","-0.1224","0"
"158.180.68.56","GB","United Kingdom","","","","","Europe/London","51.4964","-0.1224","0"
"158.180.86.137","GB","United Kingdom","","","","","Europe/London","51.4964","-0.1224","0"
"164.152.17.14","US","United States","","","","","America/Chicago","37.751","-97.822","0"
"164.152.34.166","US","United States","","","","","America/Chicago","37.751","-97.822","0"
"165.1.79.60","US","United States","","","","","America/Chicago","37.751","-97.822","0"
"168.138.13.201","AU","Australia","VIC","Victoria","Melbourne","3023","Australia/Melbourne","-37.7512","144.7508","0"
"168.138.15.75","AU","Australia","VIC","Victoria","Melbourne","3023","Australia/Melbourne","-37.7512","144.7508","0"
"168.138.163.239","US","United States","WA","Washington","Seattle","98101","America/Los_Angeles","47.6109","-122.3303","819"
"168.138.194.74","US","United States","WA","Washington","Seattle","98101","America/Los_Angeles","47.6109","-122.3303","819"
"168.138.213.247","US","United States","WA","Washington","Seattle","98101","America/Los_Angeles","47.6109","-122.3303","819"
"168.138.50.249","JP","Japan","27","Ōsaka","Osaka","562-0021","Asia/Tokyo","34.8241","135.4703","0"
"168.138.70.29","CA","Canada","","","","","America/Toronto","43.6319","-79.3716","0"
"192.18.134.22","US","United States","","","","","America/Chicago","37.751","-97.822","0"
"192.18.139.229","US","United States","","","","","America/Chicago","37.751","-97.822","0"
"192.18.150.121","US","United States","","","","","America/Chicago","37.751","-97.822","0"
"192.18.150.176","US","United States","","","","","America/Chicago","37.751","-97.822","0"
"192.18.159.129","US","United States","","","","","America/Chicago","37.751","-97.822","0"
"192.9.135.122","US","United States","","","","","America/Chicago","37.751","-97.822","0"
"192.9.158.62","US","United States","","","","","America/Chicago","37.751","-97.822","0"
"192.9.177.204","US","United States","","","","","America/Chicago","37.751","-97.822","0"
"192.9.182.144","US","United States","","","","","America/Chicago","37.751","-97.822","0"
"192.9.228.0","US","United States","","","","","America/Chicago","37.751","-97.822","0"
"193.122.101.68","US","United States","WA","Washington","Seattle","98101","America/Los_Angeles","47.6109","-122.3303","819"
"193.122.197.111","US","United States","WA","Washington","Seattle","98101","America/Los_Angeles","47.6109","-122.3303","819"
"193.122.52.211","US","United States","WA","Washington","Seattle","98101","America/Los_Angeles","47.6109","-122.3303","819"
"193.122.61.167","US","United States","WA","Washington","Seattle","98101","America/Los_Angeles","47.6109","-122.3303","819"
"193.122.99.160","US","United States","WA","Washington","Seattle","98101","America/Los_Angeles","47.6109","-122.3303","819"
"193.123.33.82","US","United States","","","","","America/Chicago","37.751","-97.822","0"
"193.123.37.27","US","United States","","","","","America/Chicago","37.751","-97.822","0"
"193.123.57.239","US","United States","","","","","America/Chicago","37.751","-97.822","0"
"193.123.59.34","US","United States","","","","","America/Chicago","37.751","-97.822","0"
"193.123.59.48","US","United States","","","","","America/Chicago","37.751","-97.822","0"
"193.123.62.49","US","United States","","","","","America/Chicago","37.751","-97.822","0"
"193.123.81.105","US","United States","","","","","America/Chicago","37.751","-97.822","0"
"198.11.175.125","US","United States","CA","California","San Mateo","94402","America/Los_Angeles","37.5517","-122.33","807"
"204.216.105.106","US","United States","","","","","America/Chicago","37.751","-97.822","0"
"47.241.209.61","US","United States","CA","California","San Mateo","94402","America/Los_Angeles","37.5517","-122.33","807"
"47.242.155.183","US","United States","CA","California","San Mateo","94402","America/Los_Angeles","37.5517","-122.33","807"
"47.242.157.96","US","United States","CA","California","San Mateo","94402","America/Los_Angeles","37.5517","-122.33","807"
"47.242.17.250","US","United States","CA","California","San Mateo","94402","America/Los_Angeles","37.5517","-122.33","807"
"47.242.171.94","US","United States","CA","California","San Mateo","94402","America/Los_Angeles","37.5517","-122.33","807"
"47.242.174.27","US","United States","CA","California","San Mateo","94402","America/Los_Angeles","37.5517","-122.33","807"
"47.242.176.237","US","United States","CA","California","San Mateo","94402","America/Los_Angeles","37.5517","-122.33","807"
"47.242.202.230","US","United States","CA","California","San Mateo","94402","America/Los_Angeles","37.5517","-122.33","807"
"47.242.232.14","US","United States","CA","California","San Mateo","94402","America/Los_Angeles","37.5517","-122.33","807"
"47.242.234.127","US","United States","CA","California","San Mateo","94402","America/Los_Angeles","37.5517","-122.33","807"
"47.242.252.237","US","United States","CA","California","San Mateo","94402","America/Los_Angeles","37.5517","-122.33","807"
"47.242.36.78","US","United States","CA","California","San Mateo","94402","America/Los_Angeles","37.5517","-122.33","807"
"47.242.54.157","US","United States","CA","California","San Mateo","94402","America/Los_Angeles","37.5517","-122.33","807"
"47.242.59.216","US","United States","CA","California","San Mateo","94402","America/Los_Angeles","37.5517","-122.33","807"
"47.242.60.161","US","United States","CA","California","San Mateo","94402","America/Los_Angeles","37.5517","-122.33","807"
"47.242.79.71","US","United States","CA","California","San Mateo","94402","America/Los_Angeles","37.5517","-122.33","807"
"47.243.107.148","US","United States","CA","California","San Mateo","94402","America/Los_Angeles","37.5517","-122.33","807"
"47.243.120.239","US","United States","CA","California","San Mateo","94402","America/Los_Angeles","37.5517","-122.33","807"
"47.243.139.243","US","United States","CA","California","San Mateo","94402","America/Los_Angeles","37.5517","-122.33","807"
"47.243.139.85","US","United States","CA","California","San Mateo","94402","America/Los_Angeles","37.5517","-122.33","807"
"47.243.169.63","US","United States","CA","California","San Mateo","94402","America/Los_Angeles","37.5517","-122.33","807"
"47.243.169.90","US","United States","CA","California","San Mateo","94402","America/Los_Angeles","37.5517","-122.33","807"
"47.243.173.187","US","United States","CA","California","San Mateo","94402","America/Los_Angeles","37.5517","-122.33","807"
"47.243.183.127","US","United States","CA","California","San Mateo","94402","America/Los_Angeles","37.5517","-122.33","807"
"47.243.203.119","US","United States","CA","California","San Mateo","94402","America/Los_Angeles","37.5517","-122.33","807"
"47.243.204.32","US","United States","CA","California","San Mateo","94402","America/Los_Angeles","37.5517","-122.33","807"
"47.243.206.150","US","United States","CA","California","San Mateo","94402","America/Los_Angeles","37.5517","-122.33","807"
"47.243.234.9","US","United States","CA","California","San Mateo","94402","America/Los_Angeles","37.5517","-122.33","807"
"47.243.27.217","US","United States","CA","California","San Mateo","94402","America/Los_Angeles","37.5517","-122.33","807"
"47.243.42.219","US","United States","CA","California","San Mateo","94402","America/Los_Angeles","37.5517","-122.33","807"
"47.243.60.150","US","United States","CA","California","San Mateo","94402","America/Los_Angeles","37.5517","-122.33","807"
"47.243.67.28","US","United States","CA","California","San Mateo","94402","America/Los_Angeles","37.5517","-122.33","807"
"47.243.74.220","US","United States","CA","California","San Mateo","94402","America/Los_Angeles","37.5517","-122.33","807"
"47.243.86.79","US","United States","CA","California","San Mateo","94402","America/Los_Angeles","37.5517","-122.33","807"
"47.243.90.180","US","United States","CA","California","San Mateo","94402","America/Los_Angeles","37.5517","-122.33","807"
"47.243.91.58","US","United States","CA","California","San Mateo","94402","America/Los_Angeles","37.5517","-122.33","807"
"47.245.102.52","US","United States","CA","California","San Mateo","94402","America/Los_Angeles","37.5517","-122.33","807"
"47.245.105.224","US","United States","CA","California","San Mateo","94402","America/Los_Angeles","37.5517","-122.33","807"
"47.245.114.163","US","United States","CA","California","San Mateo","94402","America/Los_Angeles","37.5517","-122.33","807"
"47.245.118.70","US","United States","CA","California","San Mateo","94402","America/Los_Angeles","37.5517","-122.33","807"
"47.245.126.151","US","United States","CA","California","San Mateo","94402","America/Los_Angeles","37.5517","-122.33","807"
"47.245.84.124","US","United States","CA","California","San Mateo","94402","America/Los_Angeles","37.5517","-122.33","807"
"47.245.86.230","US","United States","CA","California","San Mateo","94402","America/Los_Angeles","37.5517","-122.33","807"
"47.251.74.226","US","United States","CA","California","San Mateo","94402","America/Los_Angeles","37.5517","-122.33","807"
"47.253.105.131","US","United States","CA","California","San Mateo","94402","America/Los_Angeles","37.5517","-122.33","807"
"47.57.13.107","US","United States","CA","California","San Mateo","94402","America/Los_Angeles","37.5517","-122.33","807"
"47.57.14.118","US","United States","CA","California","San Mateo","94402","America/Los_Angeles","37.5517","-122.33","807"
"47.88.15.127","US","United States","CA","California","San Mateo","94402","America/Los_Angeles","37.5517","-122.33","807"
"47.88.22.22","US","United States","CA","California","San Mateo","94402","America/Los_Angeles","37.5517","-122.33","807"
"47.88.3.19","US","United States","CA","California","San Mateo","94402","America/Los_Angeles","37.5517","-122.33","807"
"47.88.85.197","US","United States","CA","California","Sunnyvale","94086","America/Los_Angeles","37.3773","-122.0194","807"
"47.89.191.155","US","United States","VA","Virginia","","","America/New_York","38.6583","-77.2481","0"
"47.90.141.204","US","United States","CA","California","San Mateo","94402","America/Los_Angeles","37.5517","-122.33","807"
"64.110.101.125","CH","Switzerland","","","","","Europe/Zurich","47.1449","8.1551","0"
"64.110.103.69","CH","Switzerland","","","","","Europe/Zurich","47.1449","8.1551","0"
"64.110.104.30","CH","Switzerland","","","","","Europe/Zurich","47.1449","8.1551","0"
"64.110.72.209","CH","Switzerland","","","","","Europe/Zurich","47.1449","8.1551","0"
"64.110.88.46","CH","Switzerland","","","","","Europe/Zurich","47.1449","8.1551","0"
"8.209.114.117","DE","Germany","","","","","Europe/Berlin","51.2993","9.491","0"
"8.209.69.171","DE","Germany","","","","","Europe/Berlin","51.2993","9.491","0"
"8.209.74.3","DE","Germany","","","","","Europe/Berlin","51.2993","9.491","0"
"8.209.84.2","DE","Germany","","","","","Europe/Berlin","51.2993","9.491","0"
"8.209.97.69","DE","Germany","","","","","Europe/Berlin","51.2993","9.491","0"
"8.210.100.23","SG","Singapore","","","Singapore","18","Asia/Singapore","1.2929","103.8547","0"
"8.210.101.157","SG","Singapore","","","Singapore","18","Asia/Singapore","1.2929","103.8547","0"
"8.210.107.246","SG","Singapore","","","Singapore","18","Asia/Singapore","1.2929","103.8547","0"
"8.210.119.11","SG","Singapore","","","Singapore","18","Asia/Singapore","1.2929","103.8547","0"
"8.210.146.108","SG","Singapore","","","Singapore","18","Asia/Singapore","1.2929","103.8547","0"
"8.210.156.6","SG","Singapore","","","Singapore","18","Asia/Singapore","1.2929","103.8547","0"
"8.210.174.156","SG","Singapore","","","Singapore","18","Asia/Singapore","1.2929","103.8547","0"
"8.210.175.109","SG","Singapore","","","Singapore","18","Asia/Singapore","1.2929","103.8547","0"
"8.210.192.93","SG","Singapore","","","Singapore","18","Asia/Singapore","1.2929","103.8547","0"
"8.210.203.7","SG","Singapore","","","Singapore","18","Asia/Singapore","1.2929","103.8547","0"
"8.210.207.214","SG","Singapore","","","Singapore","18","Asia/Singapore","1.2929","103.8547","0"
"8.210.21.65","SG","Singapore","","","Singapore","18","Asia/Singapore","1.2929","103.8547","0"
"8.210.245.224","SG","Singapore","","","Singapore","18","Asia/Singapore","1.2929","103.8547","0"
"8.210.3.24","SG","Singapore","","","Singapore","18","Asia/Singapore","1.2929","103.8547","0"
"8.210.34.188","SG","Singapore","","","Singapore","18","Asia/Singapore","1.2929","103.8547","0"
"8.210.39.96","SG","Singapore","","","Singapore","18","Asia/Singapore","1.2929","103.8547","0"
"8.210.55.134","SG","Singapore","","","Singapore","18","Asia/Singapore","1.2929","103.8547","0"
"8.210.65.1","SG","Singapore","","","Singapore","18","Asia/Singapore","1.2929","103.8547","0"
"8.210.66.190","SG","Singapore","","","Singapore","18","Asia/Singapore","1.2929","103.8547","0"
"8.210.9.129","SG","Singapore","","","Singapore","18","Asia/Singapore","1.2929","103.8547","0"
"8.211.12.239","SG","Singapore","","","Singapore","18","Asia/Singapore","1.2929","103.8547","0"
"8.211.2.142","SG","Singapore","","","Singapore","18","Asia/Singapore","1.2929","103.8547","0"
"8.211.2.53","SG","Singapore","","","Singapore","18","Asia/Singapore","1.2929","103.8547","0"
"8.211.4.159","SG","Singapore","","","Singapore","18","Asia/Singapore","1.2929","103.8547","0"
"8.211.5.34","SG","Singapore","","","Singapore","18","Asia/Singapore","1.2929","103.8547","0"
"8.211.55.176","SG","Singapore","","","Singapore","18","Asia/Singapore","1.2929","103.8547","0"
"8.211.6.15","SG","Singapore","","","Singapore","18","Asia/Singapore","1.2929","103.8547","0"
"8.211.6.226","SG","Singapore","","","Singapore","18","Asia/Singapore","1.2929","103.8547","0"
"8.212.116.106","SG","Singapore","","","Singapore","18","Asia/Singapore","1.2929","103.8547","0"
"8.212.12.98","SG","Singapore","","","Singapore","18","Asia/Singapore","1.2929","103.8547","0"
"8.212.41.98","SG","Singapore","","","Singapore","18","Asia/Singapore","1.2929","103.8547","0"
"8.213.137.24","SG","Singapore","","","Singapore","18","Asia/Singapore","1.2929","103.8547","0"
"8.217.121.207","SG","Singapore","","","Singapore","18","Asia/Singapore","1.2929","103.8547","0"
"8.217.121.210","SG","Singapore","","","Singapore","18","Asia/Singapore","1.2929","103.8547","0"
"8.217.145.40","SG","Singapore","","","Singapore","18","Asia/Singapore","1.2929","103.8547","0"
"8.217.147.230","SG","Singapore","","","Singapore","18","Asia/Singapore","1.2929","103.8547","0"
"8.217.149.28","SG","Singapore","","","Singapore","18","Asia/Singapore","1.2929","103.8547","0"
"8.217.159.210","SG","Singapore","","","Singapore","18","Asia/Singapore","1.2929","103.8547","0"
"8.217.164.10","SG","Singapore","","","Singapore","18","Asia/Singapore","1.2929","103.8547","0"
"8.217.193.25","SG","Singapore","","","Singapore","18","Asia/Singapore","1.2929","103.8547","0"
"8.217.207.60","SG","Singapore","","","Singapore","18","Asia/Singapore","1.2929","103.8547","0"
"8.217.221.165","SG","Singapore","","","Singapore","18","Asia/Singapore","1.2929","103.8547","0"
"8.217.232.246","SG","Singapore","","","Singapore","18","Asia/Singapore","1.2929","103.8547","0"
"8.217.239.116","SG","Singapore","","","Singapore","18","Asia/Singapore","1.2929","103.8547","0"
"8.217.248.220","SG","Singapore","","","Singapore","18","Asia/Singapore","1.2929","103.8547","0"
"8.217.250.222","SG","Singapore","","","Singapore","18","Asia/Singapore","1.2929","103.8547","0"
"8.217.250.5","SG","Singapore","","","Singapore","18","Asia/Singapore","1.2929","103.8547","0"
"8.217.251.62","SG","Singapore","","","Singapore","18","Asia/Singapore","1.2929","103.8547","0"
"8.217.49.34","SG","Singapore","","","Singapore","18","Asia/Singapore","1.2929","103.8547","0"
"8.217.64.144","SG","Singapore","","","Singapore","18","Asia/Singapore","1.2929","103.8547","0"
"8.217.85.14","SG","Singapore","","","Singapore","18","Asia/Singapore","1.2929","103.8547","0"
"8.217.91.121","SG","Singapore","","","Singapore","18","Asia/Singapore","1.2929","103.8547","0"
"8.218.11.90","SG","Singapore","","","Singapore","18","Asia/Singapore","1.2929","103.8547","0"
"8.218.122.55","SG","Singapore","","","Singapore","18","Asia/Singapore","1.2929","103.8547","0"
"8.218.126.53","SG","Singapore","","","Singapore","18","Asia/Singapore","1.2929","103.8547","0"
"8.218.136.25","SG","Singapore","","","Singapore","18","Asia/Singapore","1.2929","103.8547","0"
"8.218.142.253","SG","Singapore","","","Singapore","18","Asia/Singapore","1.2929","103.8547","0"
"8.218.143.10","SG","Singapore","","","Singapore","18","Asia/Singapore","1.2929","103.8547","0"
"8.218.146.204","SG","Singapore","","","Singapore","18","Asia/Singapore","1.2929","103.8547","0"
"8.218.155.238","SG","Singapore","","","Singapore","18","Asia/Singapore","1.2929","103.8547","0"
"8.218.174.118","SG","Singapore","","","Singapore","18","Asia/Singapore","1.2929","103.8547","0"
"8.218.18.132","SG","Singapore","","","Singapore","18","Asia/Singapore","1.2929","103.8547","0"
"8.218.18.235","SG","Singapore","","","Singapore","18","Asia/Singapore","1.2929","103.8547","0"
"8.218.181.189","SG","Singapore","","","Singapore","18","Asia/Singapore","1.2929","103.8547","0"
"8.218.188.129","SG","Singapore","","","Singapore","18","Asia/Singapore","1.2929","103.8547","0"
"8.218.2.181","SG","Singapore","","","Singapore","18","Asia/Singapore","1.2929","103.8547","0"
"8.218.201.73","SG","Singapore","","","Singapore","18","Asia/Singapore","1.2929","103.8547","0"
"8.218.204.128","SG","Singapore","","","Singapore","18","Asia/Singapore","1.2929","103.8547","0"
"8.218.207.169","SG","Singapore","","","Singapore","18","Asia/Singapore","1.2929","103.8547","0"
"8.218.211.17","SG","Singapore","","","Singapore","18","Asia/Singapore","1.2929","103.8547","0"
"8.218.22.210","SG","Singapore","","","Singapore","18","Asia/Singapore","1.2929","103.8547","0"
"8.218.222.36","SG","Singapore","","","Singapore","18","Asia/Singapore","1.2929","103.8547","0"
"8.218.243.95","SG","Singapore","","","Singapore","18","Asia/Singapore","1.2929","103.8547","0"
"8.218.3.12","SG","Singapore","","","Singapore","18","Asia/Singapore","1.2929","103.8547","0"
"8.218.48.92","SG","Singapore","","","Singapore","18","Asia/Singapore","1.2929","103.8547","0"
"8.218.52.115","SG","Singapore","","","Singapore","18","Asia/Singapore","1.2929","103.8547","0"
"8.218.53.110","SG","Singapore","","","Singapore","18","Asia/Singapore","1.2929","103.8547","0"
"8.218.65.237","SG","Singapore","","","Singapore","18","Asia/Singapore","1.2929","103.8547","0"
"8.218.74.119","SG","Singapore","","","Singapore","18","Asia/Singapore","1.2929","103.8547","0"
"8.218.8.142","SG","Singapore","","","Singapore","18","Asia/Singapore","1.2929","103.8547","0"
"8.218.85.128","SG","Singapore","","","Singapore","18","Asia/Singapore","1.2929","103.8547","0"
"8.219.0.162","SG","Singapore","","","Singapore","18","Asia/Singapore","1.2929","103.8547","0"
"8.219.1.169","SG","Singapore","","","Singapore","18","Asia/Singapore","1.2929","103.8547","0"
"8.219.1.92","SG","Singapore","","","Singapore","18","Asia/Singapore","1.2929","103.8547","0"
"8.219.100.168","SG","Singapore","","","Singapore","18","Asia/Singapore","1.2929","103.8547","0"
"8.219.103.65","SG","Singapore","","","Singapore","18","Asia/Singapore","1.2929","103.8547","0"
"8.219.104.37","SG","Singapore","","","Singapore","18","Asia/Singapore","1.2929","103.8547","0"
"8.219.106.156","SG","Singapore","","","Singapore","18","Asia/Singapore","1.2929","103.8547","0"
"8.219.107.135","SG","Singapore","","","Singapore","18","Asia/Singapore","1.2929","103.8547","0"
"8.219.11.158","SG","Singapore","","","Singapore","18","Asia/Singapore","1.2929","103.8547","0"
"8.219.110.248","SG","Singapore","","","Singapore","18","Asia/Singapore","1.2929","103.8547","0"
"8.219.110.81","SG","Singapore","","","Singapore","18","Asia/Singapore","1.2929","103.8547","0"
"8.219.111.147","SG","Singapore","","","Singapore","18","Asia/Singapore","1.2929","103.8547","0"
"8.219.111.175","SG","Singapore","","","Singapore","18","Asia/Singapore","1.2929","103.8547","0"
"8.219.113.232","SG","Singapore","","","Singapore","18","Asia/Singapore","1.2929","103.8547","0"
"8.219.114.201","SG","Singapore","","","Singapore","18","Asia/Singapore","1.2929","103.8547","0"
"8.219.117.198","SG","Singapore","","","Singapore","18","Asia/Singapore","1.2929","103.8547","0"
"8.219.120.87","SG","Singapore","","","Singapore","18","Asia/Singapore","1.2929","103.8547","0"
"8.219.122.55","SG","Singapore","","","Singapore","18","Asia/Singapore","1.2929","103.8547","0"
"8.219.123.11","SG","Singapore","","","Singapore","18","Asia/Singapore","1.2929","103.8547","0"
"8.219.124.227","SG","Singapore","","","Singapore","18","Asia/Singapore","1.2929","103.8547","0"
"8.219.126.240","SG","Singapore","","","Singapore","18","Asia/Singapore","1.2929","103.8547","0"
"8.219.132.64","SG","Singapore","","","Singapore","18","Asia/Singapore","1.2929","103.8547","0"
"8.219.139.13","SG","Singapore","","","Singapore","18","Asia/Singapore","1.2929","103.8547","0"
"8.219.142.191","SG","Singapore","","","Singapore","18","Asia/Singapore","1.2929","103.8547","0"
"8.219.144.168","SG","Singapore","","","Singapore","18","Asia/Singapore","1.2929","103.8547","0"
"8.219.147.58","SG","Singapore","","","Singapore","18","Asia/Singapore","1.2929","103.8547","0"
"8.219.153.237","SG","Singapore","","","Singapore","18","Asia/Singapore","1.2929","103.8547","0"
"8.219.161.129","SG","Singapore","","","Singapore","18","Asia/Singapore","1.2929","103.8547","0"
"8.219.163.195","SG","Singapore","","","Singapore","18","Asia/Singapore","1.2929","103.8547","0"
"8.219.170.232","SG","Singapore","","","Singapore","18","Asia/Singapore","1.2929","103.8547","0"
"8.219.174.142","SG","Singapore","","","Singapore","18","Asia/Singapore","1.2929","103.8547","0"
"8.219.174.213","SG","Singapore","","","Singapore","18","Asia/Singapore","1.2929","103.8547","0"
"8.219.177.205","SG","Singapore","","","Singapore","18","Asia/Singapore","1.2929","103.8547","0"
"8.219.189.143","SG","Singapore","","","Singapore","18","Asia/Singapore","1.2929","103.8547","0"
"8.219.191.110","SG","Singapore","","","Singapore","18","Asia/Singapore","1.2929","103.8547","0"
"8.219.191.40","SG","Singapore","","","Singapore","18","Asia/Singapore","1.2929","103.8547","0"
"8.219.193.202","SG","Singapore","","","Singapore","18","Asia/Singapore","1.2929","103.8547","0"
"8.219.194.170","SG","Singapore","","","Singapore","18","Asia/Singapore","1.2929","103.8547","0"
"8.219.198.139","SG","Singapore","","","Singapore","18","Asia/Singapore","1.2929","103.8547","0"
"8.219.198.34","SG","Singapore","","","Singapore","18","Asia/Singapore","1.2929","103.8547","0"
"8.219.199.220","SG","Singapore","","","Singapore","18","Asia/Singapore","1.2929","103.8547","0"
"8.219.200.145","SG","Singapore","","","Singapore","18","Asia/Singapore","1.2929","103.8547","0"
"8.219.201.245","SG","Singapore","","","Singapore","18","Asia/Singapore","1.2929","103.8547","0"
"8.219.201.8","SG","Singapore","","","Singapore","18","Asia/Singapore","1.2929","103.8547","0"
"8.219.202.130","SG","Singapore","","","Singapore","18","Asia/Singapore","1.2929","103.8547","0"
"8.219.208.104","SG","Singapore","","","Singapore","18","Asia/Singapore","1.2929","103.8547","0"
"8.219.209.14","SG","Singapore","","","Singapore","18","Asia/Singapore","1.2929","103.8547","0"
"8.219.210.57","SG","Singapore","","","Singapore","18","Asia/Singapore","1.2929","103.8547","0"
"8.219.210.64","SG","Singapore","","","Singapore","18","Asia/Singapore","1.2929","103.8547","0"
"8.219.220.88","SG","Singapore","","","Singapore","18","Asia/Singapore","1.2929","103.8547","0"
"8.219.222.98","SG","Singapore","","","Singapore","18","Asia/Singapore","1.2929","103.8547","0"
"8.219.229.190","SG","Singapore","","","Singapore","18","Asia/Singapore","1.2929","103.8547","0"
"8.219.235.164","SG","Singapore","","","Singapore","18","Asia/Singapore","1.2929","103.8547","0"
"8.219.237.250","SG","Singapore","","","Singapore","18","Asia/Singapore","1.2929","103.8547","0"
"8.219.239.79","SG","Singapore","","","Singapore","18","Asia/Singapore","1.2929","103.8547","0"
"8.219.240.160","SG","Singapore","","","Singapore","18","Asia/Singapore","1.2929","103.8547","0"
"8.219.248.47","SG","Singapore","","","Singapore","18","Asia/Singapore","1.2929","103.8547","0"
"8.219.4.122","SG","Singapore","","","Singapore","18","Asia/Singapore","1.2929","103.8547","0"
"8.219.40.37","SG","Singapore","","","Singapore","18","Asia/Singapore","1.2929","103.8547","0"
"8.219.42.72","SG","Singapore","","","Singapore","18","Asia/Singapore","1.2929","103.8547","0"
"8.219.5.10","SG","Singapore","","","Singapore","18","Asia/Singapore","1.2929","103.8547","0"
"8.219.50.180","SG","Singapore","","","Singapore","18","Asia/Singapore","1.2929","103.8547","0"
"8.219.51.211","SG","Singapore","","","Singapore","18","Asia/Singapore","1.2929","103.8547","0"
"8.219.6.150","SG","Singapore","","","Singapore","18","Asia/Singapore","1.2929","103.8547","0"
"8.219.60.54","SG","Singapore","","","Singapore","18","Asia/Singapore","1.2929","103.8547","0"
"8.219.66.156","SG","Singapore","","","Singapore","18","Asia/Singapore","1.2929","103.8547","0"
"8.219.67.133","SG","Singapore","","","Singapore","18","Asia/Singapore","1.2929","103.8547","0"
"8.219.77.222","SG","Singapore","","","Singapore","18","Asia/Singapore","1.2929","103.8547","0"
"8.219.78.1","SG","Singapore","","","Singapore","18","Asia/Singapore","1.2929","103.8547","0"
"8.219.78.188","SG","Singapore","","","Singapore","18","Asia/Singapore","1.2929","103.8547","0"
"8.219.83.201","SG","Singapore","","","Singapore","18","Asia/Singapore","1.2929","103.8547","0"
"8.219.83.71","SG","Singapore","","","Singapore","18","Asia/Singapore","1.2929","103.8547","0"
"8.219.84.214","SG","Singapore","","","Singapore","18","Asia/Singapore","1.2929","103.8547","0"
"8.219.86.200","SG","Singapore","","","Singapore","18","Asia/Singapore","1.2929","103.8547","0"
"8.219.87.30","SG","Singapore","","","Singapore","18","Asia/Singapore","1.2929","103.8547","0"
"8.219.93.5","SG","Singapore","","","Singapore","18","Asia/Singapore","1.2929","103.8547","0"
"8.219.97.50","SG","Singapore","","","Singapore","18","Asia/Singapore","1.2929","103.8547","0"
"8.219.98.13","SG","Singapore","","","Singapore","18","Asia/Singapore","1.2929","103.8547","0"
"8.219.99.169","SG","Singapore","","","Singapore","18","Asia/Singapore","1.2929","103.8547","0"
"8.222.134.170","SG","Singapore","","","Singapore","18","Asia/Singapore","1.2929","103.8547","0"
"8.222.136.247","SG","Singapore","","","Singapore","18","Asia/Singapore","1.2929","103.8547","0"
"8.222.137.192","SG","Singapore","","","Singapore","18","Asia/Singapore","1.2929","103.8547","0"
"8.222.144.50","SG","Singapore","","","Singapore","18","Asia/Singapore","1.2929","103.8547","0"
"8.222.145.43","SG","Singapore","","","Singapore","18","Asia/Singapore","1.2929","103.8547","0"
"8.222.146.222","SG","Singapore","","","Singapore","18","Asia/Singapore","1.2929","103.8547","0"
"8.222.150.197","SG","Singapore","","","Singapore","18","Asia/Singapore","1.2929","103.8547","0"
"8.222.156.242","SG","Singapore","","","Singapore","18","Asia/Singapore","1.2929","103.8547","0"
"8.222.160.176","SG","Singapore","","","Singapore","18","Asia/Singapore","1.2929","103.8547","0"
"8.222.162.45","SG","Singapore","","","Singapore","18","Asia/Singapore","1.2929","103.8547","0"
"8.222.164.209","SG","Singapore","","","Singapore","18","Asia/Singapore","1.2929","103.8547","0"
"8.222.165.117","SG","Singapore","","","Singapore","18","Asia/Singapore","1.2929","103.8547","0"
"8.222.167.147","SG","Singapore","","","Singapore","18","Asia/Singapore","1.2929","103.8547","0"
"8.222.174.108","SG","Singapore","","","Singapore","18","Asia/Singapore","1.2929","103.8547","0"
"8.222.179.231","SG","Singapore","","","Singapore","18","Asia/Singapore","1.2929","103.8547","0"
"8.222.180.86","SG","Singapore","","","Singapore","18","Asia/Singapore","1.2929","103.8547","0"
"8.222.183.242","SG","Singapore","","","Singapore","18","Asia/Singapore","1.2929","103.8547","0"
"8.222.184.198","SG","Singapore","","","Singapore","18","Asia/Singapore","1.2929","103.8547","0"
"8.222.187.4","SG","Singapore","","","Singapore","18","Asia/Singapore","1.2929","103.8547","0"
"8.222.191.138","SG","Singapore","","","Singapore","18","Asia/Singapore","1.2929","103.8547","0"
"8.222.193.65","SG","Singapore","","","Singapore","18","Asia/Singapore","1.2929","103.8547","0"
"8.222.204.128","SG","Singapore","","","Singapore","18","Asia/Singapore","1.2929","103.8547","0"
"8.222.214.231","SG","Singapore","","","Singapore","18","Asia/Singapore","1.2929","103.8547","0"
"8.222.215.228","SG","Singapore","","","Singapore","18","Asia/Singapore","1.2929","103.8547","0"
"8.222.237.131","SG","Singapore","","","Singapore","18","Asia/Singapore","1.2929","103.8547","0"
"8.222.249.190","SG","Singapore","","","Singapore","18","Asia/Singapore","1.2929","103.8547","0"